,author,title,annotation,img_url,book_url,genre
0,"–¢–∞—à–∞ –¢–æ–Ω–µ–≤–∞, –¢–∞—Ç—å—è–Ω–∞ –î–µ–º–∏–¥–æ–≤–∞",–ù–µ–∑–∞–±—É–¥–∫–∞ –¥–ª—è –≥–µ–Ω–µ—Ä–∞–ª–æ–≤ –æ—Ä–∫–æ–≤,"–ú–æ–π –æ—Ç–µ—Ü –ø—Ä–æ–¥–∞–ª –º–µ–Ω—è. –û—Ä–∫–∞–º. –¢—Ä–µ–º –≥—Ä–æ–∑–Ω—ã–º –∏ –±–µ–∑–∂–∞–ª–æ—Å—Ç–Ω—ã–º –≥–µ–Ω–µ—Ä–∞–ª–∞–º. –Ø –¥—É–º–∞–ª–∞, –Ω–∞ —ç—Ç–æ–º –¥–ª—è –º–µ–Ω—è –≤—Å–µ –∑–∞–∫–æ–Ω—á–∏—Ç—Å—è. –ù–µ–≤–µ—Ä–æ—è—Ç–Ω–æ, –Ω–æ —è –æ—à–∏–±–∞–ª–∞—Å—å. –ú–æ—è –Ω–∞—Å—Ç–æ—è—â–∞—è –∂–∏–∑–Ω—å —Ç–æ–ª—å–∫–æ ...",https://rust.litnet.com/uploads/covers/120/1741377785_24.png,https://litnet.com/ru/book/nezabudka-dlya-generalov-orkov-b519653,–§—ç–Ω—Ç–µ–∑–∏
1,–ê–Ω–∞—Å—Ç–∞—Å–∏—è –ú–∏–ª–æ—Å–ª–∞–≤—Å–∫–∞—è,"–ò—Å—Ç–∏–Ω–Ω—ã–µ, –∏–ª–∏ –í—ã–∂–∏—Ç—å –≤ –∏–º–ø–µ—Ä–∏–∏ –Ω–µ–Ω–∞–≤–∏—Å—Ç–∏","–Ø –ø–æ—Ç–µ—Ä—è–ª–∞ –≤—Å—ë. –û—Ç–µ—Ü –º–æ–µ–≥–æ —Ä–µ–±—ë–Ω–∫–∞ ‚Äì —Å–∞–º—ã–π –≤–ª–∏—è—Ç–µ–ª—å–Ω—ã–π –∏ –∂–µ—Å—Ç–æ–∫–∏–π –¥—Ä–∞–∫–æ–Ω –∏–º–ø–µ—Ä–∏–∏ ‚Äì —É–Ω–∏–∑–∏–ª –∏ –æ—Ç–≤–µ—Ä–≥ –º–µ–Ω—è, –æ—Ç–∫–∞–∑–∞–≤—à–∏—Å—å –æ—Ç –Ω–∞—à–µ–π –∏—Å—Ç–∏–Ω–Ω–æ–π —Å–≤—è–∑–∏ –≤ —Ç–æ—Ç –º–æ–º–µ–Ω—Ç, –∫–æ–≥–¥...",https://rust.litnet.com/uploads/covers/120/1743142704_9.jpg,https://litnet.com/ru/book/nezabudka-dlya-generalov-orkov-b519653,–§—ç–Ω—Ç–µ–∑–∏
2,–ê–Ω–∞—Å—Ç–∞—Å–∏—è –ú–∏–ª–æ—Å–ª–∞–≤—Å–∫–∞—è,–°–∫–∞–Ω–¥–∞–ª—å–Ω–∞—è –∏—Å—Ç–æ—Ä–∏—è —Å—Ç–∞—Ä–æ–π –∂–µ–Ω—ã,"–î–≤–µ–Ω–∞–¥—Ü–∞—Ç—å –ª–µ—Ç –±—Ä–∞–∫–∞ –∑–∞–∫–æ–Ω—á–∏–ª–∏—Å—å —Å–∫–∞–Ω–¥–∞–ª—å–Ω—ã–º —Ä–∞–∑–±–∏—Ä–∞—Ç–µ–ª—å—Å—Ç–≤–æ–º –∏ —Ä–∞–∑–≤–æ–¥–æ–º. –ú–µ–Ω—è –æ–±–≤–∏–Ω—è—é—Ç –≤ —Å–≤—è–∑–∏ —Å –≤–æ—Å–µ–º–Ω–∞–¥—Ü–∞—Ç–∏–ª–µ—Ç–Ω–∏–º –≤–æ—Å–ø–∏—Ç–∞–Ω–Ω–∏–∫–æ–º ‚Äì –ø–ª–µ–º—è–Ω–Ω–∏–∫–æ–º –º—É–∂–∞, –∫–æ—Ç–æ—Ä–æ...",https://rust.litnet.com/uploads/covers/120/1746300980_90.jpg,https://litnet.com/ru/book/nezabudka-dlya-generalov-orkov-b519653,–§—ç–Ω—Ç–µ–∑–∏
3,–ï–ª–µ–Ω–∞ –°–æ–ª—Ç,–ò–∑–≥–Ω–∞–Ω–Ω–∞—è –∂–µ–Ω–∞ –¥—Ä–∞–∫–æ–Ω–∞ –∏–ª–∏ —Ç–∞–≤–µ—Ä–Ω–∞ –ø–æ–ø–∞–¥–∞–Ω–∫–∏,"–í–æ—Ç —ç—Ç–æ –ø–æ–ø–∞–ª–∞ –≤ –Ω–æ–≤—ã–π –º–∏—Ä!

–ú—É–∂-–¥—Ä–∞–∫–æ–Ω –ø–æ—Å–ª–µ –¥–≤–∞–¥—Ü–∞—Ç–∏ –ª–µ—Ç –±–µ–∑–¥–µ—Ç–Ω–æ–≥–æ –±—Ä–∞–∫–∞ —Å–∫–∞–∑–∞–ª, —á—Ç–æ —É—Å—Ç–∞–ª –æ—Ç –º–µ–Ω—è –∏ –Ω–∏–∫–æ–≥–¥–∞ –Ω–µ –ª—é–±–∏–ª. –°—Ä–∞–≤–Ω–∏–ª —Å –ø–æ–Ω–æ—à–µ–Ω–Ω–æ–π —Å—Ç–∞—Ä–æ–π —Å–∞–Ω–¥–∞–ª–∏–µ–π, –∫–æ—Ç–æ—Ä...",https://rust.litnet.com/uploads/covers/120/1736931688_94.png,https://litnet.com/ru/book/nezabudka-dlya-generalov-orkov-b519653,–§—ç–Ω—Ç–µ–∑–∏
4,"–ê–ª–∏—Å–∞ –ê—Ä–¥–æ–≤–∞, –û–ª—å–≥–∞ –†–∞–π—Å–∫–∞—è","–ü–æ–¥–¥–µ–ª—å–Ω–∞—è –Ω–µ–≤–µ—Å—Ç–∞, –∏–ª–∏ –ö–∞–∫ –ø—Ä–∏–≤–æ—Ä–æ–∂–∏—Ç—å –Ω–µ–≥–æ–¥—è—è","üí•–ï–≥–æ –°–≤–µ—Ç–ª–æ—Å—Ç—å ‚Äî –Ω–∞–¥–º–µ–Ω–Ω—ã–π –∏ —Ö–æ–ª–æ–¥–Ω—ã–π, –∫–∞–∫ –ª–µ–¥—è–Ω–∞—è —Å—Ç–∞—Ç—É—è –Ω–∞ –≥–ª–∞–≤–Ω–æ–π –ø–ª–æ—â–∞–¥–∏ –≤ –ø—Ä–∞–∑–¥–Ω–∏—á–Ω—ã–π –¥–µ–Ω—å ‚Äî —à–∞–≥–Ω—É–ª –∫–æ –º–Ω–µ, –ø–µ—Ä–µ–∫—Ä—ã–≤–∞—è –ø—É—Ç–∏ –∫ –æ—Ç—Å—Ç—É–ø–ª–µ–Ω–∏—é‚Ä¶
–°–µ—Ä–¥—Ü–µ –∑–∞—Å...",https://rust.litnet.com/uploads/covers/120/1736022564_58.jpg,https://litnet.com/ru/book/nezabudka-dlya-generalov-orkov-b519653,–§—ç–Ω—Ç–µ–∑–∏
5,–í–∏–∫—Ç–æ—Ä–∏—è –í–µ—Ä–∞,–°–ª—É–∂–∞–Ω–∫–∞ –¥–ª—è –ø—Ä–æ–∫–∞–∂–µ–Ω–Ω–æ–≥–æ –ª–æ—Ä–¥–∞,"–ì–æ–≤–æ—Ä—è—Ç, –Ω–æ–≤—ã–π —Ö–æ–∑—è–∏–Ω –∑–∞–º–∫–∞ –æ–±–µ–∑–æ–±—Ä–∞–∂–µ–Ω –∏ –Ω–µ–ª—é–¥–∏–º. –ì–æ–≤–æ—Ä—è—Ç, –æ–Ω –ø—Ä–∏–Ω—ë—Å –∫–æ—Ä–æ–ª–µ–≤—Å—Ç–≤—É –ø–æ–±–µ–¥—É‚Ä¶ –Ω–æ —Å—é–¥–∞ –µ–≥–æ —Å–æ—Å–ª–∞–ª–∏ –≤ –Ω–∞–∫–∞–∑–∞–Ω–∏–µ, –∏ –Ω–∏–∫—Ç–æ –Ω–µ –∑–Ω–∞–µ—Ç –∑–∞ —á—Ç–æ.¬†
–ú–Ω–æ–≥–æ–µ –≥–æ–≤–æ...",https://rust.litnet.com/uploads/covers/120/1741248455_91.png,https://litnet.com/ru/book/nezabudka-dlya-generalov-orkov-b519653,–§—ç–Ω—Ç–µ–∑–∏
6,–°–≤–µ—Ç–ª–∞–Ω–∞ –®—ë–ø–æ—Ç,–ì–æ—Å–ø–æ–∂–∞ –ú–µ–¥–≤–µ–∂—å–µ–≥–æ —É–≥–ª–∞,"–û–¥–Ω–∞–∂–¥—ã –í–∞–ª–µ–Ω—Ç–∏–Ω–∞ –ò–≤–∞–Ω–æ–≤–Ω–∞ —É–º–µ—Ä–ª–∞ –≤ —Å–≤–æ–µ–º –º–∏—Ä–µ, –∞ –æ—á–Ω—É–ª–∞—Å—å –≤ —á—É–∂–æ–º, –≤ —Ç–µ–ª–µ —Å–∏—Ä–æ—Ç—ã, –∫–æ—Ç–æ—Ä—É—é –∂–µ—Å—Ç–æ–∫–∏–µ —Ä–æ–¥—Å—Ç–≤–µ–Ω–Ω–∏–∫–∏ –¥–µ—Ä–∂–∞–ª–∏ –ø—Ä–∏ —Å–µ–±–µ –∫–∞–∫ —Å–ª—É–∂–∞–Ω–∫—É. –ü–æ–ª—É—Ä–∞–∑—Ä—É—à–µ–Ω–Ω—ã–π –¥–æ–º ...",https://rust.litnet.com/uploads/covers/120/1732612706_58.jpg,https://litnet.com/ru/book/nezabudka-dlya-generalov-orkov-b519653,–§—ç–Ω—Ç–µ–∑–∏
7,–¢–∞–Ω—è –ê–∫–µ–Ω—Ç—å–µ–≤–∞,–†–∞–∑–≤–æ–¥ –≤ 45 –•–æ–∑—è–π–∫–∞ –∑–∞–±—Ä–æ—à–µ–Ω–Ω–æ–≥–æ –∏–º–µ–Ω–∏—è,"–ü–†–û–ú–û –≤ –≥–ª–∞–≤–∞—Öüìö
–ü–æ—Å–ª–µ –¥–≤–∞–¥—Ü–∞—Ç–∏ –ª–µ—Ç, –∫–∞–∑–∞–ª–æ—Å—å –±—ã, —Å—á–∞—Å—Ç–ª–∏–≤–æ–≥–æ –±—Ä–∞–∫–∞, –¥—Ä–∞–∫–æ–Ω –ø—Ä–∏–≤—ë–ª –≤ –Ω–∞—à –¥–æ–º —Å–≤–æ—é –∏—Å—Ç–∏–Ω–Ω—É—é.
–ï—ë –æ–Ω —Ö–æ—á–µ—Ç –≤–∏–¥–µ—Ç—å —Å–≤–æ–µ–π –∂–µ–Ω–æ–π, –∞ –º–µ–Ω—è‚Ä¶
–õ—é–±–æ–≤–Ω–∏—Ü–µ–π?
–ù–æ ...",https://rust.litnet.com/uploads/covers/120/1747018754_92.png,https://litnet.com/ru/book/nezabudka-dlya-generalov-orkov-b519653,–§—ç–Ω—Ç–µ–∑–∏
8,–ê–¥–µ–ª—å –•–∞–π–¥,–•–æ–∑—è–π–∫–∞ –°–µ–≤–µ—Ä–Ω—ã—Ö –≥–æ—Ä 2,"üî•–¶–µ–Ω–∞ —Å–∫–æ—Ä–æ –≤—ã—Ä–∞—Å—Ç–µ—Ç! üî•
–ö–Ω–∏–≥–∞ 1 –∑–¥–µ—Å—å¬†https://litnet.com/shrt/giBX

–ü–æ–ø–∞–ª–∞ –≤ –ø—Ä–æ—à–ª–æ–µ, –≤ –≥—Ä–∞—Ñ–∏–Ω—é –±–µ–∑ –≥—Ä–∞—Ñ—Å—Ç–≤–∞, —Å–æ—Å–ª–∞–Ω–Ω—É—é –≤ –∑–∞–º–æ–∫ –Ω–∞ –∫—Ä–∞—é –∫–æ—Ä–æ–ª–µ–≤—Å—Ç–≤–∞, –≤ —Å—É—Ä–æ–≤—ã–π –∫—Ä–∞–π, –≥–¥–µ –¥–ª–∏–Ω–Ω—ã...",https://rust.litnet.com/uploads/covers/120/1744406239_33.jpg,https://litnet.com/ru/book/nezabudka-dlya-generalov-orkov-b519653,–§—ç–Ω—Ç–µ–∑–∏
9,–ù–∞—Ç–∞–ª–∏ –õ–∞–Ω—Å–æ–Ω,–§–∞–≤–æ—Ä–∏—Ç–∫–∞ –∏–∑—É–º—Ä—É–¥–Ω–æ–≥–æ –∑–º–µ—è,"–ë—ã–ª–æ —Ç—Ä—É–¥–Ω–æ, –Ω–æ —è —Å–ø—Ä–∞–≤–∏–ª–∞—Å—å! –í–ª–∏–ª–∞—Å—å –≤ –Ω–æ–≤—ã–π –º–∏—Ä –∏ —Ä–∞—Å–ø–æ–ª–æ–∂–∏–ª–∞ –∫ —Å–µ–±–µ –ª—é–¥–µ–π. –°–ø–∞—Å–ª–∞ –æ—Ç –≥–æ–ª–æ–¥–Ω–æ–π —Å–º–µ—Ä—Ç–∏ —Ü–µ–ª–æ–µ –≥–µ—Ä—Ü–æ–≥—Å—Ç–≤–æ –∏ —É–º—É–¥—Ä–∏–ª–∞—Å—å –ø–æ–ø–æ–ª–Ω–∏—Ç—å –∫–∞–∑–Ω—É, —Ö–æ—Ç—è —ç—Ç–æ —Å–æ–≤—Å–µ...",https://rust.litnet.com/uploads/covers/120/1743362386_47.png,https://litnet.com/ru/book/nezabudka-dlya-generalov-orkov-b519653,–§—ç–Ω—Ç–µ–∑–∏
10,–ê–Ω–Ω–∞ –í–ª–∞–¥–∏–º–∏—Ä–æ–≤–∞,–ú–æ–π —Å–æ—Å–µ–¥ - –º–µ–¥–≤–µ–¥—å,"–ú–Ω–µ 38, –∏ –º–µ–Ω—è –±—Ä–æ—Å–∏–ª–∏ –≤—Å–µ. –ú—É–∂ —É—à–µ–ª –∫ —Ñ–∏—Ç–Ω–µ—Å-—Ç—Ä–µ–Ω–µ—Ä—É ¬´–ø–æ–ø–∞-–æ—Ä–µ—Ö¬ª –í–∞–ª–µ—Ä–∏–∏, –¥–æ—á—å –∏ —Å—ã–Ω –æ—Å—Ç–∞–ª–∏—Å—å —Å –ø–∞–ø–æ–π, –ø–æ—Ç–æ–º—É —á—Ç–æ –∏–º —Ç–∞–∫ —É–¥–æ–±–Ω–µ–π. –°—ã–Ω —Å–∫–∞–∑–∞–ª, —á—Ç–æ –Ω–µ—Ç –Ω–∏–∫–∞–∫–æ–π —Ç—Ä–∞–≥–µ...",https://rust.litnet.com/uploads/covers/120/1743610164_23.jpg,https://litnet.com/ru/book/nezabudka-dlya-generalov-orkov-b519653,–§—ç–Ω—Ç–µ–∑–∏
11,–ê–¥–µ–ª—å –•–∞–π–¥,–í—Ç–æ—Ä–∞—è –º–æ–ª–æ–¥–æ—Å—Ç—å –§–∞–∏–Ω—ã,"üî•–¶–µ–Ω–∞ —Å–∫–æ—Ä–æ –≤—ã—Ä–∞—Å—Ç–µ—Ç! üî•
–ó–∞–≤–µ—Ä—à–∏–≤ —Å–≤–æ–π –∑–µ–º–Ω–æ–π –ø—É—Ç—å, –ø–æ–ø–∞–ª–∞ –≤ –ø—Ä–æ—à–ª–æ–µ –∞–ª—å—Ç–µ—Ä–Ω–∞—Ç–∏–≤–Ω–æ–π —Ä–µ–∞–ª—å–Ω–æ—Å—Ç–∏ –†–æ—Å—Å–∏–π—Å–∫–æ–π –∏–º–ø–µ—Ä–∏–∏, –≤–º–µ—Å—Ç–µ —Å –º–æ–ª–æ–¥–æ—Å—Ç—å—é –µ–π –¥–æ—Å—Ç–∞–ª–∞—Å—å —É—Å–∞–¥—å–±–∞ —Å –ø–∞—Å...",https://rust.litnet.com/uploads/covers/120/1742927833_91.jpg,https://litnet.com/ru/book/nezabudka-dlya-generalov-orkov-b519653,–§—ç–Ω—Ç–µ–∑–∏
12,–ï–∫–∞—Ç–µ—Ä–∏–Ω–∞ –ì–µ—Ä–∞—Å–∫–∏–Ω–∞,–†–∞–∑–≤–æ–¥ —Å –¥—Ä–∞–∫–æ–Ω–æ–º. –ü–æ–ø–∞–¥–∞–Ω–∫–∞ –≤ –∂–µ–Ω—É –≥–µ–Ω–µ—Ä–∞–ª–∞,"–Ø –ø—Ä–æ—Å–Ω—É–ª–∞—Å—å –≤ —Ç–µ–ª–µ –Ω–µ–ª—é–±–∏–º–æ–π –∂–µ–Ω—ã –¥—Ä–∞–∫–æ–Ω–∞. –ú–æ–π –º—É–∂ ‚Äî —Å–∞–º—ã–π —Å–∏–ª—å–Ω—ã–π –∏ –±–µ–∑–∂–∞–ª–æ—Å—Ç–Ω—ã–π –≥–µ–Ω–µ—Ä–∞–ª.
–ê–¥–∞–Ω–∞—Ç –Ω–µ–Ω–∞–≤–∏–¥–∏—Ç –º–µ–Ω—è, –∞ –µ—â—ë —Å–ø—É—Å—Ç—è –¥–µ—Å—è—Ç—å –ª–µ—Ç ¬´–Ω–∞—à–µ–≥–æ¬ª –±—Ä–∞–∫–∞ ‚Äî –≤—Å—Ç—Ä–µ—Ç–∏...",https://rust.litnet.com/uploads/covers/120/1749473235_7.png,https://litnet.com/ru/book/nezabudka-dlya-generalov-orkov-b519653,–§—ç–Ω—Ç–µ–∑–∏
13,–ê–Ω–Ω–∞ –°–æ–ª–µ–π–Ω,–†–∞–∑–≤–æ–¥. –ù–æ–≤–∞—è –∂–∏–∑–Ω—å —Å—Ç–∞—Ä–æ–π –∂–µ–Ω—ã –¥—Ä–∞–∫–æ–Ω–∞,"‚Äî –†–∞–∑–≤–æ–¥. –ê –Ω–∞ —á—Ç–æ —Ç—ã —Ä–∞—Å—Å—á–∏—Ç—ã–≤–∞–ª–∞? –°–∫—É—á–Ω–∞—è, —Å—Ç–∞—Ä–∞—è, –±–µ–∑ –º–∞–≥–∏–∏. –ú–Ω–µ –Ω–∞–¥–æ–µ–ª–æ —Å —Ç–æ–±–æ–π –≤–æ–∑–∏—Ç—å—Å—è.
–Ø –æ—Ç—à–∞—Ç–Ω—É–ª–∞—Å—å –∏ –µ–¥–≤–∞ —É—Å—Ç–æ—è–ª–∞ –Ω–∞ –Ω–æ–≥–∞—Ö: –≤—Å–µ –≤–Ω—É—Ç—Ä–∏ –¥–æ —Å–∏—Ö –ø–æ—Ä –±–æ–ª–µ–ª–æ –ø–æ—Å–ª–µ ...",https://rust.litnet.com/uploads/covers/120/1748328522_58.png,https://litnet.com/ru/book/nezabudka-dlya-generalov-orkov-b519653,–§—ç–Ω—Ç–µ–∑–∏
14,–î–∞—Ä—å—è –í–µ—Ä–µ—Å–∫–æ–≤–∞,–û—Ç–±–æ—Ä. –ü–æ–º–æ—â–Ω–∏—Ü–∞ –∫—Ä–æ–Ω–ø—Ä–∏–Ω—Ü–∞,üëë –ö—Ä–æ–Ω–ø—Ä–∏–Ω—Ü –ö–æ—Ä–æ–ª–µ–≤—Å—Ç–≤–∞ –æ–±—ä—è–≤–ª—è–µ—Ç –æ—Ç–±–æ—Ä –≤ —Å–≤—è–∑–∏ —Å –Ω–µ–æ–∂–∏–¥–∞–Ω–Ω–æ —Ä–∞–Ω–Ω–∏–º ¬´–í—Ä–µ–º–µ–Ω–µ–º –ó–æ–≤–∞¬ª! –í–æ –¥–≤–æ—Ä–µ—Ü –ø—Ä–∏–≥–ª–∞—à–∞—é—Ç—Å—è –≤—Å–µ –Ω–µ–∑–∞–º—É–∂–Ω–∏–µ –±–ª–∞–≥–æ—Ä–æ–¥–Ω—ã–µ –ø—Ä–æ–±—É–¥–∏–≤—à–∏–µ—Å—è –ø—Ä–µ–¥—Å...,https://rust.litnet.com/uploads/covers/120/1744035131_6.png,https://litnet.com/ru/book/nezabudka-dlya-generalov-orkov-b519653,–§—ç–Ω—Ç–µ–∑–∏
15,–ó–µ–Ω–∞ –¢–∏—Ä—Å,"–†–∞–∑–≤–æ–¥ —Å –¥—Ä–∞–∫–æ–Ω–æ–º, –∏–ª–∏ –ì–∏–±–ª–æ–µ –ø–æ–º–µ—Å—Ç—å–µ –ø–æ–ø–∞–¥–∞–Ω–∫–∏","‚Äî –¢–æ, —á—Ç–æ —Å–ª—É—á–∏–ª–æ—Å—å –ø—Ä–æ—à–ª–æ–π –Ω–æ—á—å—é –Ω–∏—á–µ–≥–æ –Ω–µ –∑–Ω–∞—á–∏—Ç, —è —Å —Ç–æ–±–æ–π —Ä–∞–∑–≤–æ–∂—É—Å—å, ‚Äî –ø—Ä–æ–∏–∑–Ω–æ—Å–∏—Ç –º–æ–Ω—Å—Ç—Ä, –∑–∞—Å—Ç—ë–≥–∏–≤–∞—è –ø—É–≥–æ–≤–∏—Ü—ã –Ω–∞ —Å–æ—Ä–æ—á–∫–µ.

–í—Å—é –Ω–æ—á—å –æ–Ω –∑–∞–Ω–∏–º–∞–ª—Å—è —Å–æ –º–Ω–æ–π –ª—é–±–æ...",https://rust.litnet.com/uploads/covers/120/1747255210_39.jpg,https://litnet.com/ru/book/nezabudka-dlya-generalov-orkov-b519653,–§—ç–Ω—Ç–µ–∑–∏
16,–ü–æ–ª–∏–Ω–∞ –†–æ–º,–í–µ–Ω–µ—Ü –±–µ–∑–±—Ä–∞—á–∏—è,"–ò—Å—Ç–æ—Ä–∏—è –æ¬†–≤–µ—Ä–Ω–æ—Å—Ç–∏, —Å–∞–º–æ–¥–æ—Å—Ç–∞—Ç–æ—á–Ω–æ—Å—Ç–∏ –∏ –ø—Ä–æ—Å—Ç–æ–π –ø–æ—Ä—è–¥–æ—á–Ω–æ—Å—Ç–∏.
*–ø–æ–ø–∞–¥–∞–Ω–∫–∞
*–∞–¥–µ–∫–≤–∞—Ç–Ω–∞—è –≥–µ—Ä–æ–∏–Ω—è
*–±—ã—Ç–æ–≤–æ–µ —Ñ—ç–Ω—Ç–µ–∑–∏

–í—ã–∫–ª–∞–¥–∫–∞ –ø—Ä–∏–º–µ—Ä–Ω–æ —á–µ—Ä–µ–∑ –¥–µ–Ω—å.
–ü–û–î–ü–ò–°–ö–ê
–í–µ–ª–∏–∫–æ–ª–µ–ø...",https://rust.litnet.com/uploads/covers/120/1741249244_1.jpg,https://litnet.com/ru/book/nezabudka-dlya-generalov-orkov-b519653,–§—ç–Ω—Ç–µ–∑–∏
17,"–¢–∞—à–∞ –¢–æ–Ω–µ–≤–∞, –ï–ª–µ–Ω–∞ –°–µ—Ä–≥–µ–µ–≤–∞",–ï–¥–∏–Ω—Å—Ç–≤–µ–Ω–Ω–∞—è –ø–æ–≤–µ–ª–∏—Ç–µ–ª—è –æ—Ä–∫–æ–≤,"‚Äî –õ–µ–∫–∞—Ä–∫–∞? ‚Äî –≥—Ä–æ–∑–Ω–æ –ø—Ä–æ—Ä—ã—á–∞–ª —Å–∞–º—ã–π –∑–¥–æ—Ä–æ–≤—ã–π –∏–∑ –≤–ª–æ–º–∏–≤—à–∏—Ö—Å—è –∫–æ –º–Ω–µ –æ—Ä–∫–æ–≤.
‚Äî –î-–¥–∞, ‚Äî —Ä–∞—Å—Ç–µ—Ä—è–Ω–Ω–æ –æ—Ç–≤–µ—Ç–∏–ª–∞ —è.
‚Äî –° –Ω–∞–º–∏ –ø–æ–π–¥–µ—à—å, ‚Äî —Å —ç—Ç–∏–º–∏ —Å–ª–æ–≤–∞–º–∏ –æ–Ω –∑–∞–∫–∏–Ω—É–ª –º–µ–Ω—è –Ω–∞ –ø–ª–µ—á...",https://rust.litnet.com/uploads/covers/120/1749846015_28.jpg,https://litnet.com/ru/book/nezabudka-dlya-generalov-orkov-b519653,–§—ç–Ω—Ç–µ–∑–∏
18,"–ö–∏—Ä–∞ –ò—Å—Ç–≤—É–¥, –•—ç–ª—è –•–∞—Ä–º–æ–Ω",–ñ–µ—Å—Ç–æ–∫–∏–π –Å–∫–∞–π –¥–ª—è –ø–æ–ø–∞–¥–∞–Ω–∫–∏ –≤ –Ω–æ–≤–µ–ª–ª—É,"–Ø –æ–∫–∞–∑–∞–ª–∞—Å—å –≤—Ç–æ—Ä–æ—Å—Ç–µ–ø–µ–Ω–Ω—ã–º –ø–µ—Ä—Å–æ–Ω–∞–∂–µ–º –≤ –Ω–æ–≤–µ–ª–ª–µ! –ò –ø–æ —Å—é–∂–µ—Ç—É –ø–æ–≥–∏–±–Ω—É –ø–µ—Ä–≤–æ–π, –∫–æ–≥–¥–∞ –∂–µ—Å—Ç–æ–∫–∏–π –¥–µ–º–æ–Ω –µ–∫–∞–π –≤—ã—Ä–≤–µ—Ç—Å—è –∏–∑ —Ä–∞–±—Å—Ç–≤–∞. –û–Ω –∑–∞–ª—å—ë—Ç –∫—Ä–æ–≤—å—é —á–µ–ª–æ–≤–µ—á–µ—Å–∫–∏–π –º–∏—Ä, –∏ —Ç–æ–ª...",https://rust.litnet.com/uploads/covers/120/1735331553_77.jpg,https://litnet.com/ru/book/nezabudka-dlya-generalov-orkov-b519653,–§—ç–Ω—Ç–µ–∑–∏
19,–ï–ª–µ–Ω–∞ –ë–∞–π–º,–ù–∞–≤—è–∑–∞–Ω–Ω–∞—è –∂–µ–Ω–∞. –ü–æ—â–∞–¥—ã –Ω–µ –±—É–¥–µ—Ç!,"–ü–æ–ª–≥–æ–¥–∞ —è –æ–ø–ª–∞–∫–∏–≤–∞–ª–∞ –ø–æ–≥–∏–±—à—É—é –ø–æ–¥—Ä—É–≥—É, —Å—Ç. —Å–ª–µ–¥–æ–≤–∞—Ç–µ–ª—è –£–ì–†–û, –∞ —Å–µ–≥–æ–¥–Ω—è –Ω–µ–∑–Ω–∞–∫–æ–º—ã–π –º—É–∂—á–∏–Ω–∞, –∑–∞—Ç–æ–ª–∫–∞–ª –º–µ–Ω—è –≤ —á–µ—Ä–Ω—ã–π Rolls-Royce, –≤–∫–æ–ª–æ–ª —Å–Ω–æ—Ç–≤–æ—Ä–Ω–æ–µ, –∞ –∫–æ–≥–¥–∞ —è –ø—Ä–æ—Å–Ω—É–ª–∞—Å—å, —Ç–æ ...",https://rust.litnet.com/uploads/covers/120/1748781026_0.png,https://litnet.com/ru/book/nezabudka-dlya-generalov-orkov-b519653,–§—ç–Ω—Ç–µ–∑–∏
